[
    {
        "id": 1,
        "title": " Printed Oversized T-shirt",
        "trendTitle": "Lorem ipsum dolor",
        "description": "Lorem ipsum dolor sit amet, consectetur adipisicing elit. Voluptate ratione sint, minima itaque maxime facilis necessitatibus aliquam veritatis, possimus sapiente esse aspernatur atque harum laboriosam consequatur quam pariatur, doloremque expedita.",
        "price": 309.99,
        "image": "./assets/images/product1.webp",
        "isNew": true,
        "isTrending": false,
        "category": "men"
    },
    {
        "id": 2,
        "title": "Men's Blue Straight Fit Jeans",
        "trendTitle": "Lorem ipsum dolor",
        "description": "Lorem ipsum dolor sit amet, consectetur adipisicing elit. Voluptate ratione sint, minima itaque maxime facilis necessitatibus aliquam veritatis, possimus sapiente esse aspernatur atque harum laboriosam consequatur quam pariatur, doloremque expedita.",
        "price": 449.99,
        "image": "./assets/images/product2.webp",
        "isNew": true,
        "isTrending": false,
        "category": "women"
    },
    {
        "id": 3,
        "title": "black hoodie",
        "trendTitle": "Lorem ipsum dolor",
        "description": "Lorem ipsum dolor sit amet, consectetur adipisicing elit. Voluptate ratione sint, minima itaque maxime facilis necessitatibus aliquam veritatis, possimus sapiente esse aspernatur atque harum laboriosam consequatur quam pariatur, doloremque expedita.",
        "price": 175.5,
        "image": "./assets/images/product3.png",
        "isNew": true,
        "isTrending": false,
        "category": "women"
    },
    {
        "id": 4,
        "title": "Women's White & Blue Oversized Jackets",
        "trendTitle": "Lorem ipsum dolor",
        "description": "Lorem ipsum dolor sit amet, consectetur adipisicing elit. Voluptate ratione sint, minima itaque maxime facilis necessitatibus aliquam veritatis, possimus sapiente esse aspernatur atque harum laboriosam consequatur quam pariatur, doloremque expedita.",
        "price": 799.99,
        "image": "./assets/images/product4.jpg",
        "isNew": true,
        "isTrending": false,
        "category": "men"
    },
    {
        "id": 5,
        "title": "white cap",
        "trendTitle": "Lorem ipsum dolor",
        "description": "Lorem ipsum dolor sit amet, consectetur adipisicing elit. Voluptate ratione sint, minima itaque maxime facilis necessitatibus aliquam veritatis, possimus sapiente esse aspernatur atque harum laboriosam consequatur quam pariatur, doloremque expedita.",
        "price": 29.99,
        "image": "./assets/images/product5.png",
        "isNew": false,
        "isTrending": false,
        "category": "men"
    },
    {
        "id": 6,
        "title": "Men's Denim Shirt",
        "trendTitle": "Lorem ipsum dolor",
        "description": "Lorem ipsum dolor sit amet, consectetur adipisicing elit. Voluptate ratione sint, minima itaque maxime facilis necessitatibus aliquam veritatis, possimus sapiente esse aspernatur atque harum laboriosam consequatur quam pariatur, doloremque expedita.",
        "price": 179.99,
        "image": "./assets/images/product6.webp",
        "isNew": true,
        "isTrending": false,
        "category": "men"
    },
    {
        "id": 7,
        "title": "black oversized t-shirt",
        "trendTitle": "Lorem ipsum dolor",
        "description": "Lorem ipsum dolor sit amet, consectetur adipisicing elit. Voluptate ratione sint, minima itaque maxime facilis necessitatibus aliquam veritatis, possimus sapiente esse aspernatur atque harum laboriosam consequatur quam pariatur, doloremque expedita.",
        "price": 79.99,
        "image": "./assets/images/product7.png",
        "isNew": false,
        "isTrending": false,
        "category": "men"
    },
    {
        "id": 8,
        "title": "Flynoff Men's White Joggers",
        "trendTitle": "Lorem ipsum dolor",
        "description": "Lorem ipsum dolor sit amet, consectetur adipisicing elit. Voluptate ratione sint, minima itaque maxime facilis necessitatibus aliquam veritatis, possimus sapiente esse aspernatur atque harum laboriosam consequatur quam pariatur, doloremque expedita.",
        "price": 939.99,
        "image": "./assets/images/product9.webp",
        "isNew": true,
        "isTrending": false,
        "category": "MEN"
    },
    {
        "id": 9,
        "title": "light yellow hoodie",
        "trendTitle": "best trending hoodie",
        "description": "This product is one of our best selling and popular prodcut; Because of its elegance and the beauty of its design, we advise you to buy it quickly before it runs out of stock.",
        "price": 145.0,
        "image": "./assets/images/product8.png",
        "isNew": false,
        "isTrending": true,
        "category": "men"
    },
    {
        "id": 10,
        "title": "girl outfit",
        "trendTitle": "most popular outfit",
        "description": "We present to you our most popular product, as it has received many requests recently; Because of its quality and workmanship, we advise you to quickly purchase the product before the stock runs out.",
        "price": 839.99,
        "image": "./assets/images/product10.png",
        "isNew": false,
        "isTrending": true,
        "category": "women"
    },
    {
        "id": 11,
        "title": "Women's Sweatshirt",
        "trendTitle": "Lorem ipsum dolor",
        "description": "Lorem ipsum dolor sit amet, consectetur adipisicing elit. Voluptate ratione sint, minima itaque maxime facilis necessitatibus aliquam veritatis, possimus sapiente esse aspernatur atque harum laboriosam consequatur quam pariatur, doloremque expedita.",
        "price": 1199.99,
        "image": "./assets/images/product11.jpg",
        "isNew": false,
        "isTrending": false,
        "category": "men"
    },
    {
        "id": 12,
        "title": "black jacket",
        "trendTitle": "unique awesome jacket",
        "description": "Lorem ipsum dolor sit amet, consectetur adipisicing elit. Voluptate ratione sint, minima itaque maxime facilis necessitatibus aliquam veritatis, possimus sapiente esse aspernatur atque harum laboriosam consequatur quam pariatur, doloremque expedita.",
        "price": 499.99,
        "image": "./assets/images/product12.png",
        "image2": "./assets/images/product12-2.png",
        "isNew": true,
        "isTrending": true,
        "category": "women"
    },
    {
        "id": 13,
        "title": "Men's White & Black Printed Oversized Shirt",
        "trendTitle": "Lorem ipsum dolor",
        "description": "Lorem ipsum dolor sit amet, consectetur adipisicing elit. Voluptate ratione sint, minima itaque maxime facilis necessitatibus aliquam veritatis, possimus sapiente esse aspernatur atque harum laboriosam consequatur quam pariatur, doloremque expedita.",
        "price": 1499.99,
        "image": "./assets/images/product13.webp",
        "image2": "./assets/images/product13-2.webp",
        "isNew": true,
        "isTrending": false,
        "category": "women"
    },
    {
        "id": 14,
        "title": "fully jeans outfit",
        "trendTitle": "Lorem ipsum dolor",
        "description": "Lorem ipsum dolor sit amet, consectetur adipisicing elit. Voluptate ratione sint, minima itaque maxime facilis necessitatibus aliquam veritatis, possimus sapiente esse aspernatur atque harum laboriosam consequatur quam pariatur, doloremque expedita.",
        "price": 900.0,
        "image": "./assets/images/product14.png",
        "image2": "./assets/images/product14-2.png",
        "isNew": true,
        "isTrending": false,
        "category": "men"
    }
]
